{
  "time_stamp": "2019-01-01T00:03:00.2",
  "geom": {
    "x": 16.283095,
    "y": 48.155154
  }
}
